dice,precision,recall
0.0006526989,1.0,0.00032656261
0.0,,0.0
0.5240166,0.9213972,0.49540937
0.13381352,0.8980108,0.11812595
0.10139339,0.90145314,0.089233644
