dice,precision,recall
0.0019555439,1.0,0.0009796878
0.0,,0.0
0.5014203,0.9356341,0.4714613
0.22815678,0.87399083,0.21437302
0.17832026,0.95574045,0.15247542
