dice,precision,recall
0.2983317,0.86044794,0.22833256
0.0,,0.0
0.5825546,0.9219696,0.5565321
0.21672402,0.83128786,0.20612003
0.16584231,0.970336,0.14040509
