dice,precision,recall
0.04855842,0.68728524,0.026125008
0.0,,0.0
0.7937546,0.95014477,0.7521181
0.34002945,0.8511884,0.3423278
0.32488722,0.96564895,0.27664426
